,,**,Adjust,CiscoScore,CurrentScore,Division,OverallPlace,PlayTime,ScoredImages,Server2016_cpxii_sf_gsms-**,Server2016_cpxii_sf_gsms-Found,Server2016_cpxii_sf_gsms-Penalties,Server2016_cpxii_sf_gsms-Remaining,Server2016_cpxii_sf_gsms-Score,Server2016_cpxii_sf_gsms-Time,State,StatePlace,TeamName,TeamNumber,Tier,TotalScore,Ubuntu16_cpxii_sf_psms-**,Ubuntu16_cpxii_sf_psms-Found,Ubuntu16_cpxii_sf_psms-Penalties,Ubuntu16_cpxii_sf_psms-Remaining,Ubuntu16_cpxii_sf_psms-Score,Ubuntu16_cpxii_sf_psms-Time,Win10_cpxii_sf_gsms-**,Win10_cpxii_sf_gsms-Found,Win10_cpxii_sf_gsms-Penalties,Win10_cpxii_sf_gsms-Remaining,Win10_cpxii_sf_gsms-Score,Win10_cpxii_sf_gsms-Time
1,1,,0.00,29.80,281.0,Middle School,1.0,05:19:00,3,,26,0,4,85, 5:18,CA,1.0,,12-1657,Middle School,310.80,,34,0,2,96, 3:06,,36,0,0,100, 1:37
2,2,,0.00,29.80,270.0,Middle School,2.0,05:54:01,3,,27,0,3,90, 5:36,CA,2.0,,12-1928,Middle School,299.80,,30,1,6,80, 5:53,,36,0,0,100, 2:39
3,3,,0.00,26.03,269.0,Middle School,3.0,05:53:57,3,,26,0,4,87, 5:53,CA,3.0,,12-1930,Middle School,295.03,,32,0,4,92, 5:45,,34,0,2,90, 5:51
4,4,,0.00,29.80,262.0,Middle School,4.0,05:51:57,3,,24,0,6,78, 5:16,CA,4.0,,12-1929,Middle School,291.80,,33,0,3,91, 5:40,,33,0,3,93, 5:50
5,5,,0.00,25.18,212.0,Middle School,5.0,05:47:56,3,,23,0,7,78, 5:47,CA,5.0,,12-2481,Middle School,237.18,,26,1,10,64, 5:45,,27,0,9,70, 5:47
6,6,,0.00,29.80,201.0,Middle School,6.0,05:58:02,3,,19,0,11,60, 5:50,CA,6.0,,12-2805,Middle School,230.80,,29,0,7,79, 5:58,,23,0,13,62, 5:48
7,7,,0.00,19.90,193.0,Middle School,7.0,05:54:06,3,,16,0,14,52, 5:17,CA,7.0,,12-0144,Middle School,212.90,,26,0,10,75, 5:53,,25,0,11,66, 5:52
8,8,,0.00,26.41,184.0,Middle School,8.0,05:49:57,3,,14,0,16,44, 5:49,CA,8.0,,12-1933,Middle School,210.41,,27,0,9,77, 5:47,,26,0,10,63, 5:48
9,9,,0.00,7.00,192.0,Middle School,9.0,05:49:57,3,,24,1,6,73, 5:49,CA,9.0,,12-6767,Middle School,199.00,,18,0,18,45, 5:47,,30,0,6,74, 5:44
10,10,,0.00,22.24,174.0,Middle School,10.0,05:53:57,3,,21,0,9,64, 5:44,CA,10.0,,12-3341,Middle School,196.24,,15,0,21,45, 5:10,,25,0,11,65, 5:53
11,11,,0.00,22.35,172.0,Middle School,11.0,05:54:59,3,,14,0,16,46, 5:49,MD,1.0,,12-0285,Middle School,194.35,,26,0,10,67, 5:54,,21,0,15,59, 5:44
12,12,,0.00,21.22,171.0,Middle School,12.0,05:57:57,3,,14,0,16,42, 5:57,GA,1.0,GBMS,12-3239,Middle School,192.22,,29,0,7,78, 5:53,,21,0,15,51, 5:45
13,13,,0.00,22.11,170.0,Middle School,13.0,05:30:56,3,,21,0,9,66, 5:29,CA,11.0,,12-2618,Middle School,192.11,,13,0,23,28, 5:29,,28,0,8,76, 5:25
14,14,,0.00,23.47,164.0,Middle School,14.0,05:59:57,3,,18,0,12,61, 5:57,CA,12.0,,12-0740,Middle School,187.47,,23,0,13,64, 5:58,,16,0,20,39, 5:57
15,15,,0.00,16.13,169.0,Middle School,15.0,05:54:00,3,,18,0,12,59, 5:53,VA,1.0,,12-1205,Middle School,185.13,,18,0,18,54, 5:53,,22,0,14,56, 5:52
16,16,,0.00,7.50,172.0,Middle School,16.0,05:55:57,3,,18,0,12,51, 5:51,CA,13.0,,12-6503,Middle School,179.50,,22,0,14,58, 5:51,,23,0,13,63, 5:55
17,17,,0.00,24.06,155.0,Middle School,17.0,05:52:01,3,,18,0,12,51, 5:50,OH,1.0,,12-0010,Middle School,179.06,,15,0,21,38, 5:51,,25,0,11,66, 5:49
18,18,,0.00,26.23,151.0,Middle School,18.0,05:49:56,3,,13,0,17,43, 5:48,CA,14.0,,12-2484,Middle School,177.23,,28,0,8,79, 5:20,,10,0,26,29, 5:49
19,19,,0.00,24.74,151.0,Middle School,19.0,05:51:56,3,,17,0,13,54, 5:49,MO,1.0,,12-0618,Middle School,175.74,,17,0,19,49, 5:37,,19,0,17,48, 5:50
20,20,,0.00,26.98,148.0,Middle School,20.0,05:46:57,3,,10,0,20,33, 5:41,CA,15.0,,12-3996,Middle School,174.98,,23,0,13,68, 5:44,,18,0,18,47, 5:44
21,21,T,-3.00,15.69,161.0,Middle School,21.0,06:03:00,3,,11,0,19,40, 3:36,MO,2.0,,12-1164,Middle School,173.69,T,27,0,9,75, 6:03,,16,0,20,46, 5:50
22,22,,0.00,7.50,166.0,Middle School,22.0,05:57:03,3,,15,0,15,46, 5:55,GA,2.0,GMS,12-0155,Middle School,173.50,,22,0,14,59, 5:54,,24,0,12,61, 5:56
23,23,,0.00,8.89,163.0,Middle School,23.0,05:40:59,3,,7,0,23,29, 5:40,MO,3.0,,12-3486,Middle School,171.89,,20,0,16,60, 5:40,,27,0,9,74, 5:27
24,24,,0.00,9.00,162.0,Middle School,24.0,05:58:56,3,,14,0,16,45, 5:57,MD,2.0,,12-6037,Middle School,171.00,,27,0,9,75, 5:37,,18,0,18,42, 5:58
25,25,,0.00,11.36,158.0,Middle School,25.0,05:15:56,3,,16,0,14,50, 5:13,AL,1.0,,12-0021,Middle School,169.36,,21,0,15,61, 5:05,,16,0,20,47, 5:15
26,26,,0.00,5.50,163.0,Middle School,26.0,05:49:01,3,,12,1,18,31, 5:27,CA,16.0,,12-6502,Middle School,168.50,,23,0,13,58, 5:49,,25,0,11,74, 5:47
27,27,,0.00,27.43,140.0,Middle School,27.0,05:48:00,3,,14,0,16,40, 5:42,CA,17.0,,12-1934,Middle School,167.43,,19,1,17,51, 5:47,,24,0,12,49, 5:43
28,28,,0.00,23.24,143.0,Middle School,28.0,05:59:57,3,,15,0,15,48, 5:58,CA,18.0,,12-0351,Middle School,166.24,,20,0,16,52, 5:56,,16,0,20,43, 5:59
29,29,,0.00,23.99,137.0,Middle School,29.0,05:49:56,3,,14,0,16,49, 5:45,CA,19.0,,12-2483,Middle School,160.99,,15,0,21,35, 5:47,,23,0,13,53, 5:48
30,30,,0.00,6.50,154.0,Middle School,30.0,05:02:59,3,,13,0,17,40, 4:59,KS,1.0,,12-5527,Middle School,160.50,,18,0,18,59, 5:02,,22,0,14,55, 4:57
31,31,,0.00,17.30,143.0,Middle School,31.0,05:53:56,3,,15,0,15,46, 5:52,VA,2.0,,12-0191,Middle School,160.30,,19,0,17,47, 5:51,,20,0,16,50, 5:53
32,32,,0.00,17.12,142.0,Middle School,32.0,05:46:59,3,,9,0,21,27, 5:46,TX,1.0,,12-1213,Middle School,159.12,,21,0,15,61, 5:46,,20,0,16,54, 5:46
33,33,,0.00,21.36,137.0,Middle School,33.0,05:46:56,3,,12,0,18,39, 5:44,CA,20.0,,12-0804,Middle School,158.36,,22,0,14,61, 5:43,,11,0,25,37, 5:46
34,34,T,-3.00,22.05,139.0,Middle School,34.0,06:00:58,3,,14,0,16,43, 5:56,UT,1.0,,12-4611,Middle School,158.05,,13,0,23,29, 5:56,,24,0,12,67, 5:59
35,35,,0.00,8.75,149.0,Middle School,35.0,05:48:56,3,,17,0,13,55, 5:47,PA,1.0,,12-5816,Middle School,157.75,,16,0,20,47, 5:47,,16,0,20,47, 5:42
36,36,,0.00,7.50,148.0,Middle School,36.0,05:55:57,3,,13,0,17,42, 5:55,CA,21.0,,12-3338,Middle School,155.50,,17,0,19,49, 5:38,,20,0,16,57, 5:52
37,37,,0.00,8.00,147.0,Middle School,37.0,05:19:56,3,,13,0,17,41, 5:19,CA,22.0,,12-3967,Middle School,155.00,,19,0,17,60, 5:13,,14,0,22,46, 4:04
38,38,,0.00,21.36,132.0,Middle School,38.0,05:49:57,3,,13,0,17,32, 5:48,CA,23.0,,12-1118,Middle School,153.36,,15,0,21,41, 5:33,,24,0,12,59, 5:49
39,39,,0.00,8.00,142.0,Middle School,39.0,05:59:56,3,,16,0,14,52, 5:58,CA,24.0,,12-3203,Middle School,150.00,,26,1,10,50, 5:58,,16,0,20,40, 5:59
40,40,,0.00,12.73,137.0,Middle School,40.0,05:44:55,3,,16,0,14,52, 5:43,TX,2.0,,12-1186,Middle School,149.73,,17,0,19,38, 5:40,,20,0,16,47, 5:42
41,41,,0.00,19.63,129.0,Middle School,41.0,05:50:58,3,,13,0,17,39, 5:42,MD,3.0,,12-2732,Middle School,148.63,,20,0,16,50, 5:50,,13,0,23,40, 5:41
42,42,,0.00,25.03,123.0,Middle School,42.0,05:59:57,3,,10,1,20,24, 5:59,NJ,1.0,,12-1031,Middle School,148.03,,21,0,15,58, 5:25,,17,0,19,41, 5:43
43,43,,0.00,0.00,148.0,Middle School,43.0,05:34:57,3,,15,0,15,51, 5:29,GA,3.0,,12-0102,Middle School,148.00,,18,1,18,56, 5:33,,13,0,23,41, 5:31
44,44,,0.00,21.48,126.0,Middle School,44.0,05:46:56,3,,13,0,17,45, 5:46,TX,3.0,,12-1184,Middle School,147.48,,16,0,20,45, 5:43,,15,0,21,36, 5:45
45,45,,0.00,8.00,139.0,Middle School,45.0,05:43:01,3,,19,0,11,59, 5:39,PA,2.0,,12-5820,Middle School,147.00,,14,0,22,33, 5:43,,17,0,19,47, 5:38
46,46,,0.00,9.00,135.0,Middle School,46.0,04:48:14,3,,8,0,22,20, 2:25,CA,25.0,,12-2026,Middle School,144.00,,31,0,5,88, 4:48,,12,0,24,27, 4:37
47,47,,0.00,8.75,135.0,Middle School,47.0,04:43:10,3,,12,0,18,39, 4:39,CO,1.0,,12-7043,Middle School,143.75,,14,0,22,46, 4:39,,18,0,18,50, 4:41
48,48,,0.00,13.90,129.0,Middle School,48.0,05:53:00,3,,10,0,20,31, 5:50,GA,4.0,GBMS,12-3237,Middle School,142.90,,23,0,13,64, 5:53,,14,0,22,34, 5:44
49,49,,0.00,28.22,114.0,Middle School,49.0,05:57:57,3,,17,0,13,45, 5:57,CA,26.0,,12-1658,Middle School,142.22,,11,0,25,24, 5:52,,17,0,19,45, 5:57
50,50,,0.00,10.00,131.0,Middle School,50.0,05:58:57,3,,14,0,16,44, 5:55,CA,27.0,,12-6449,Middle School,141.00,,20,0,16,49, 5:57,,11,0,25,38, 5:58
51,51,T,-3.00,11.97,128.0,Middle School,51.0,06:00:01,3,,14,0,16,38, 5:58,AL,2.0,,12-0910,Middle School,136.97,,17,0,19,41, 5:59,,19,0,17,49, 5:58
52,52,,0.00,9.14,127.0,Middle School,52.0,05:08:59,3,,7,0,23,27, 5:07,FL,1.0,,12-0404,Middle School,136.14,,21,1,15,56, 5:08,,15,0,21,44, 4:39
53,53,T,-3.00,8.00,131.0,Middle School,53.0,06:07:51,3,T,9,0,21,32, 6:07,VA,3.0,,12-7464,Middle School,136.00,,18,0,18,56, 5:49,,14,0,22,43, 5:49
54,54,,0.00,6.75,129.0,Middle School,54.0,05:39:56,3,,14,0,16,45, 5:21,CA,28.0,,12-2486,Middle School,135.75,,18,0,18,49, 5:38,,11,0,25,35, 5:38
55,55,,0.00,24.05,111.0,Middle School,55.0,05:46:00,3,,10,0,20,33, 5:27,CA,29.0,,12-2046,Middle School,135.05,,16,0,20,47, 5:46,,12,0,24,31, 5:31
56,56,,0.00,8.75,125.0,Middle School,56.0,05:57:00,3,,14,0,16,43, 5:54,VA,4.0,,12-6482,Middle School,133.75,,18,0,18,45, 5:56,,11,0,25,37, 5:48
57,57,,0.00,17.05,116.0,Middle School,57.0,05:57:00,3,,12,0,18,45, 5:55,MO,4.0,,12-0619,Middle School,133.05,,8,1,28,25, 4:56,,21,0,15,46, 5:55
58,58,,0.00,12.84,120.0,Middle School,58.0,05:56:57,3,,12,0,18,35, 5:55,CAN,1.0,,12-0655,Middle School,132.84,,18,0,18,43, 5:49,,22,0,14,42, 5:48
59,59,,0.00,21.65,111.0,Middle School,59.0,05:49:57,3,,6,0,24,26, 5:40,CA,30.0,,12-0808,Middle School,132.65,,21,0,15,59, 5:39,,9,0,27,26, 5:49
60,60,,0.00,11.62,120.0,Middle School,60.0,05:55:56,3,,12,0,18,36, 5:55,NC,1.0,,12-2935,Middle School,131.62,,18,0,18,37, 5:51,,17,0,19,47, 5:55
61,61,,0.00,18.73,112.0,Middle School,61.0,05:34:55,3,,8,1,22,19, 5:34,MN,1.0,,12-3319,Middle School,130.73,,19,0,17,56, 5:33,,14,0,22,37, 5:29
62,62,,0.00,20.42,108.0,Middle School,62.0,05:49:56,3,,11,0,19,37, 5:43,CA,31.0,,12-2480,Middle School,128.42,,16,0,20,39, 5:42,,12,0,24,32, 5:41
63,63,,0.00,0.00,128.0,Middle School,63.0,05:14:02,3,,10,0,20,36, 5:06,RI,1.0,,12-1773,Middle School,128.00,,17,0,19,54, 5:03,,13,0,23,38, 5:03
64,64,,0.00,0.00,128.0,Middle School,64.0,05:54:56,3,,7,1,23,23, 5:49,CA,32.0,,12-3340,Middle School,128.00,,17,0,19,53, 5:49,,19,0,17,52, 5:54
65,65,,0.00,15.74,112.0,Middle School,65.0,05:51:56,3,,11,0,19,28, 5:51,TX,4.0,,12-1212,Middle School,127.74,,20,1,16,42, 5:51,,16,0,20,42, 4:51
66,66,,0.00,13.29,114.0,Middle School,66.0,05:19:00,3,,9,0,21,27, 5:00,GA,5.0,RMS,12-3743,Middle School,127.29,,16,0,20,42, 4:36,,16,0,20,45, 5:08
67,67,,0.00,6.25,121.0,Middle School,67.0,05:44:35,3,,10,0,20,36, 5:43,PA,3.0,,12-5819,Middle School,127.25,,13,0,23,42, 4:16,,14,0,22,43, 5:40
68,68,,0.00,22.02,105.0,Middle School,68.0,05:57:55,3,,12,0,18,34, 5:57,GA,6.0,,12-0873,Middle School,127.02,,14,0,22,31, 5:55,,12,0,24,40, 5:37
69,69,,0.00,14.36,112.0,Middle School,69.0,05:53:00,3,,14,0,16,44, 5:36,TX,5.0,,12-1185,Middle School,126.36,,14,0,22,36, 5:50,,12,0,24,32, 5:52
70,70,,0.00,21.87,103.0,Middle School,70.0,05:23:56,3,,9,0,21,32, 5:20,MD,4.0,,12-2731,Middle School,124.87,,18,0,18,39, 5:22,,10,0,26,32, 5:17
71,71,,0.00,17.59,107.0,Middle School,71.0,05:58:56,3,,10,0,20,36, 5:49,TX,6.0,,12-2741,Middle School,124.59,,20,0,16,59, 5:51,,5,0,31,12, 5:55
72,72,,0.00,14.53,110.0,Middle School,72.0,05:58:00,3,,12,0,18,36, 5:56,CA,33.0,,12-0353,Middle School,124.53,,16,0,20,41, 5:23,,16,0,20,33, 5:57
73,73,,0.00,26.13,98.0,Middle School,73.0,05:43:58,3,,12,0,18,41, 5:25,MO,5.0,,12-0620,Middle School,124.13,,2,0,34,4, 5:39,,21,0,15,53, 5:23
74,74,T,-3.00,8.50,117.0,Middle School,74.0,06:01:17,3,T,11,0,19,39, 6:00,CA,34.0,,12-3433,Middle School,122.50,,18,0,18,43, 5:59,,11,0,25,35, 5:59
75,75,,0.00,8.50,114.0,Middle School,75.0,05:38:55,3,,9,0,21,31, 5:38,WV,1.0,,12-4169,Middle School,122.50,,15,0,21,46, 5:36,,11,0,25,37, 5:22
76,76,,0.00,18.03,104.0,Middle School,76.0,05:46:56,3,,11,0,19,37, 5:46,CA,35.0,,12-4605,Middle School,122.03,,15,0,21,33, 5:45,,13,0,23,34, 5:45
77,77,,0.00,8.75,111.0,Middle School,77.0,05:52:57,3,,9,0,21,28, 5:48,AL,3.0,,12-1354,Middle School,119.75,,17,0,19,38, 5:52,,20,0,16,45, 5:45
78,78,,0.00,14.41,105.0,Middle School,78.0,05:48:55,3,,6,0,24,21, 5:48,GA,7.0,GBMS,12-3238,Middle School,119.41,,13,0,23,45, 5:27,,14,0,22,39, 5:47
79,79,,0.00,11.41,108.0,Middle School,79.0,05:54:56,3,,11,0,19,37, 5:46,FL,2.0,,12-0526,Middle School,119.41,,16,0,20,29, 5:51,,14,0,22,42, 5:54
80,80,,0.00,8.00,111.0,Middle School,80.0,05:57:00,3,,11,0,19,38, 5:56,TX,7.0,,12-7259,Middle School,119.00,,16,0,20,36, 5:56,,12,0,24,37, 5:56
81,81,T,-7.00,23.64,102.0,Middle School,81.0,06:09:52,3,T,9,0,21,34, 6:09,CA,36.0,,12-0832,Middle School,118.64,,12,0,24,34, 5:56,,10,0,26,34, 5:55
82,82,,0.00,10.00,107.0,Middle School,82.0,05:27:58,3,,10,1,20,31, 5:06,TX,8.0,,12-5467,Middle School,117.00,,11,0,25,31, 4:57,,16,0,20,45, 5:27
83,83,,0.00,18.50,98.0,Middle School,83.0,04:37:04,3,,10,0,20,35, 4:33,CA,37.0,,12-2842,Middle School,116.50,,16,0,20,46, 4:33,,7,0,29,17, 4:23
84,84,,0.00,9.40,107.0,Middle School,84.0,05:50:02,3,,10,0,20,35, 5:49,HI,1.0,,12-3082,Middle School,116.40,,12,0,24,38, 5:49,,16,0,20,34, 5:49
85,85,,0.00,5.00,111.0,Middle School,85.0,05:19:55,3,,11,0,19,36, 5:19,GA,8.0,Senior Scripters,12-1306,Middle School,116.00,,14,0,22,41, 5:12,,14,0,22,34, 5:09
86,86,,0.00,18.88,96.0,Middle School,86.0,05:31:00,3,,6,0,24,20, 5:31,MN,2.0,,12-1087,Middle School,114.88,,24,1,12,56, 5:29,,9,0,27,20, 5:24
87,87,,0.00,21.28,92.0,Middle School,87.0,05:59:00,3,,9,0,21,21, 5:55,HI,2.0,,12-0475,Middle School,113.28,,14,0,22,32, 5:55,,19,0,17,39, 5:44
88,88,,0.00,14.76,98.0,Middle School,88.0,05:09:59,3,,10,0,20,34, 5:05,CA,38.0,,12-1906,Middle School,112.76,,15,0,21,31, 4:26,,12,0,24,33, 5:07
89,89,,0.00,11.56,101.0,Middle School,89.0,05:51:00,3,,7,0,23,27, 5:36,VA,5.0,,12-4116,Middle School,112.56,,14,0,22,43, 5:50,,12,1,24,31, 5:40
90,90,,0.00,16.52,95.0,Middle School,90.0,05:57:57,3,,10,0,20,21, 5:55,SC,1.0,,12-0055,Middle School,111.52,,20,0,16,53, 5:54,,11,0,25,21, 5:57
91,91,,0.00,13.94,97.0,Middle School,91.0,05:59:39,3,,8,0,22,31, 5:22,CO,2.0,,12-2911,Middle School,110.94,,17,0,19,37, 5:19,,7,0,29,29, 5:58
92,92,,0.00,10.54,100.0,Middle School,92.0,05:16:39,3,,6,0,24,22, 5:03,TX,9.0,,12-3735,Middle School,110.54,,14,0,22,47, 5:13,,11,0,25,31, 5:14
93,93,,0.00,18.19,92.0,Middle School,93.0,05:28:54,3,,8,0,22,29, 5:26,CA,39.0,,12-1162,Middle School,110.19,,11,0,25,36, 5:28,,8,0,28,27, 5:27
94,94,,0.00,9.00,101.0,Middle School,94.0,05:56:03,3,,7,0,23,27, 5:54,CA,40.0,,12-6173,Middle School,110.00,,3,0,33,11, 5:29,,22,0,14,63, 5:55
95,95,,0.00,9.00,101.0,Middle School,95.0,05:50:01,3,,15,0,15,46, 5:48,NJ,2.0,,12-0062,Middle School,110.00,,15,0,21,44, 5:49,,4,0,32,11, 2:19
96,96,,0.00,13.48,95.0,Middle School,96.0,05:33:56,3,,7,0,23,26, 5:23,CA,41.0,,12-2619,Middle School,108.48,,15,1,21,32, 5:26,,16,0,20,37, 5:33
97,97,,0.00,8.00,100.0,Middle School,97.0,05:51:56,3,,11,0,19,37, 5:51,NJ,3.0,,12-5050,Middle School,108.00,,10,0,26,30, 5:48,,9,0,27,33, 5:50
98,98,,0.00,8.93,99.0,Middle School,98.0,02:53:15,3,,5,0,25,14, 2:51,KY,1.0,,12-1017,Middle School,107.93,,12,0,24,28, 2:42,,19,0,17,57, 2:48
99,99,,0.00,15.91,91.0,Middle School,99.0,05:47:02,3,,6,0,24,14, 5:46,TX,10.0,,12-1623,Middle School,106.91,,20,0,16,59, 5:46,,8,0,28,18, 5:46
100,100,,0.00,0.00,106.0,Middle School,100.0,05:27:56,3,,12,0,18,40, 5:22,RI,2.0,,12-7487,Middle School,106.00,,14,0,22,43, 5:02,,12,0,24,23, 5:02
101,101,,0.00,11.71,94.0,Middle School,101.0,05:54:59,3,,8,0,22,27, 5:51,CO,3.0,,12-4875,Middle School,105.71,,12,0,24,28, 5:53,,18,0,18,39, 5:45
102,102,,0.00,5.00,100.0,Middle School,102.0,05:40:00,3,,9,0,21,34, 5:39,CA,42.0,,12-5274,Middle School,105.00,,15,0,21,40, 5:39,,10,0,26,26, 5:39
103,103,,0.00,6.75,98.0,Middle School,103.0,05:55:59,3,,10,0,20,35, 5:47,MI,1.0,,12-5601,Middle School,104.75,,9,0,27,24, 5:55,,13,0,23,39, 5:50
104,104,,0.00,7.75,96.0,Middle School,104.0,05:53:56,3,,13,0,17,43, 5:52,CO,4.0,,12-0033,Middle School,103.75,,13,0,23,23, 5:52,,11,0,25,30, 5:53
105,105,,0.00,14.34,89.0,Middle School,105.0,05:51:59,3,,12,1,18,27, 5:37,VA,6.0,,12-4001,Middle School,103.34,,16,1,20,26, 4:27,,16,0,20,36, 5:09
106,106,,0.00,7.25,96.0,Middle School,106.0,05:50:57,3,,11,0,19,38, 5:50,MN,3.0,,12-6100,Middle School,103.25,,12,0,24,28, 5:48,,10,1,26,30, 5:48
107,107,,0.00,10.17,93.0,Middle School,107.0,05:55:00,3,,11,0,19,33, 4:54,TX,11.0,,12-1599,Middle School,103.17,,14,1,22,20, 5:36,,19,0,17,40, 5:26
108,108,,0.00,9.00,94.0,Middle School,108.0,03:31:55,3,,7,0,23,24, 3:31,MI,2.0,,12-0969,Middle School,103.00,,17,0,19,39, 3:04,,11,0,25,31, 3:28
109,109,,0.00,7.00,96.0,Middle School,109.0,05:45:57,3,,8,0,22,31, 5:39,CA,43.0,,12-5273,Middle School,103.00,,9,0,27,34, 5:43,,9,0,27,31, 5:42
110,110,,0.00,0.00,102.0,Middle School,110.0,04:35:59,3,,7,0,23,16, 4:21,GA,9.0,,12-0039,Middle School,102.00,,24,0,12,63, 4:35,,10,0,26,23, 4:30
111,111,,0.00,19.87,82.0,Middle School,111.0,05:53:55,3,,11,0,19,31, 5:53,WA,1.0,,12-0483,Middle School,101.87,,7,0,29,11, 5:52,,19,0,17,40, 5:52
112,112,,0.00,9.58,92.0,Middle School,112.0,05:36:56,3,,13,0,17,38, 5:07,CO,5.0,,12-1720,Middle School,101.58,,7,0,29,22, 5:06,,12,0,24,32, 5:36
113,113,T,-3.00,10.37,94.0,Middle School,113.0,06:00:58,3,,10,0,20,34, 5:44,AL,4.0,,12-2808,Middle School,101.37,,14,0,22,42, 5:39,,8,0,28,18, 5:57
114,114,,0.00,5.14,96.0,Middle School,114.0,05:53:00,3,,8,0,22,31, 5:26,CO,6.0,,12-3178,Middle School,101.14,,13,0,23,40, 5:40,,8,0,28,25, 5:51
115,115,,0.00,8.00,93.0,Middle School,115.0,05:59:52,3,,7,0,23,29, 5:46,CA,44.0,,12-6443,Middle School,101.00,,13,0,23,33, 5:55,,8,0,28,31, 5:55
116,116,,0.00,16.72,84.0,Middle School,116.0,05:55:55,3,,9,0,21,31, 5:55,CAN,2.0,,12-4770,Middle School,100.72,,8,0,28,21, 5:31,,12,0,24,32, 5:55
117,117,,0.00,13.77,86.0,Middle School,117.0,04:20:04,3,,8,0,22,24, 4:02,CA,45.0,,12-1569,Middle School,99.77,,10,0,26,36, 4:20,,10,0,26,26, 4:12
118,118,,0.00,17.30,82.0,Middle School,118.0,05:55:55,3,,10,0,20,31, 5:55,GA,10.0,,12-0874,Middle School,99.30,,12,0,24,22, 5:51,,11,0,25,29, 5:49
119,119,,0.00,0.00,99.0,Middle School,119.0,05:24:57,3,,10,0,20,36, 5:21,RI,3.0,,12-1772,Middle School,99.00,,13,0,23,41, 5:07,,10,0,26,22, 5:05
120,120,,0.00,8.00,91.0,Middle School,120.0,05:31:59,3,,11,0,19,38, 5:13,SC,2.0,,12-6200,Middle School,99.00,,11,0,25,30, 5:31,,10,0,26,23, 5:26
121,121,,0.00,4.75,94.0,Middle School,121.0,05:35:38,3,,7,0,23,27, 5:34,LA,1.0,,12-1667,Middle School,98.75,,16,1,20,30, 5:19,,11,0,25,37, 5:25
122,122,,0.00,8.75,90.0,Middle School,122.0,05:45:56,3,,9,0,21,22, 5:04,CA,46.0,,12-6853,Middle School,98.75,,22,1,14,58, 5:42,,8,0,28,10, 4:59
123,123,,0.00,17.61,80.0,Middle School,123.0,05:33:00,3,,7,0,23,20, 3:48,CA,47.0,,12-2043,Middle School,97.61,,16,0,20,51, 5:33,,6,0,30,9, 5:31
124,124,,0.00,6.39,91.0,Middle School,124.0,05:31:59,3,,9,0,21,28, 5:28,CA,48.0,,12-0152,Middle School,97.39,,14,1,22,28, 5:29,,14,0,22,35, 5:31
125,125,,0.00,7.25,89.0,Middle School,125.0,05:55:01,3,,8,2,22,16, 5:50,CA,49.0,,12-6504,Middle School,96.25,,14,0,22,36, 5:48,,12,0,24,37, 5:54
126,126,,0.00,21.87,74.0,Middle School,126.0,05:54:01,3,,11,0,19,32, 5:53,AL,5.0,,12-1351,Middle School,95.87,,5,0,31,15, 5:52,,15,0,21,27, 5:40
127,127,,0.00,7.75,88.0,Middle School,127.0,04:20:58,3,,10,1,20,23, 3:38,MI,3.0,,12-5653,Middle School,95.75,,18,0,18,36, 1:41,,10,0,26,29, 3:36
128,128,,0.00,22.64,72.0,Middle School,128.0,05:06:56,3,,8,0,22,32, 5:06,MO,6.0,,12-1167,Middle School,94.64,,10,0,26,35, 5:02,,4,0,32,5, 4:59
129,129,T,-3.00,5.50,92.0,Middle School,129.0,06:01:23,3,T,11,1,19,33, 6:01,CO,7.0,,12-0027,Middle School,94.50,,5,0,31,8, 4:01,T,17,0,19,51, 6:01
130,130,,0.00,18.11,76.0,Middle School,130.0,05:25:55,3,,6,0,24,14, 5:24,CA,50.0,,12-2766,Middle School,94.11,,12,0,24,25, 5:07,,16,0,20,37, 5:08
131,131,,0.00,12.75,80.0,Middle School,131.0,04:28:57,3,,5,0,25,23, 4:28,IL,1.0,,12-3133,Middle School,92.75,,8,0,28,22, 3:45,,11,0,25,35, 3:35
132,132,,0.00,8.18,84.0,Middle School,132.0,05:49:01,3,,8,0,22,24, 5:48,CO,8.0,,12-0054,Middle School,92.18,,18,0,18,32, 5:48,,15,1,21,28, 5:47
133,133,,0.00,8.75,83.0,Middle School,133.0,05:59:59,3,,8,1,22,19, 5:59,WA,2.0,,12-6116,Middle School,91.75,,9,0,27,27, 5:59,,13,0,23,37, 5:59
134,134,,0.00,19.30,72.0,Middle School,134.0,05:11:59,3,,13,0,17,43, 5:10,NV,1.0,,12-1781,Middle School,91.30,,4,0,32,6, 5:11,,15,0,21,23, 5:10
135,135,,0.00,7.50,83.0,Middle School,135.0,05:46:57,3,,13,0,17,36, 5:26,CA,51.0,,12-5199,Middle School,90.50,,13,0,23,23, 5:46,,11,1,25,24, 5:26
136,136,,0.00,13.47,77.0,Middle School,136.0,05:55:55,3,,15,0,15,42, 4:14,OH,2.0,,12-4470,Middle School,90.47,,3,0,33,4, 2:06,,9,0,27,31, 5:42
137,137,,0.00,0.00,90.0,Middle School,137.0,05:33:59,3,,8,0,22,26, 5:30,CA,52.0,,12-0356,Middle School,90.00,,13,0,23,34, 5:33,,11,0,25,30, 5:31
138,138,T,-3.00,-3.00,96.0,Middle School,138.0,07:01:56,3,,9,0,21,27, 5:57,VA,7.0,,12-1735,Middle School,90.00,,15,0,21,45, 5:39,T,11,0,25,24, 7:01
139,139,,0.00,7.00,83.0,Middle School,139.0,05:29:07,3,,6,0,24,27, 5:24,MD,5.0,,12-6036,Middle School,90.00,,22,2,14,47, 5:21,,7,0,29,9, 5:28
140,140,,0.00,9.98,80.0,Middle School,140.0,05:55:00,3,,10,0,20,35, 5:54,CO,9.0,,12-3175,Middle School,89.98,,6,0,30,16, 5:48,,12,0,24,29, 5:48
141,141,T,-3.00,8.75,84.0,Middle School,141.0,06:00:01,3,,10,0,20,35, 5:52,CO,10.0,,12-0035,Middle School,89.75,T,14,0,22,31, 6:00,,8,0,28,18, 5:55
142,142,,0.00,9.64,80.0,Middle School,142.0,04:33:59,3,,5,0,25,19, 4:08,RI,4.0,,12-1074,Middle School,89.64,,12,0,24,27, 4:16,,10,0,26,34, 3:52
143,143,,0.00,0.00,89.0,Middle School,143.0,04:48:57,3,,10,0,20,23, 4:37,CA,53.0,,12-1729,Middle School,89.00,,15,0,21,40, 4:43,,9,0,27,26, 4:44
144,144,,0.00,19.90,69.0,Middle School,144.0,05:33:59,3,,10,0,20,31, 5:33,NV,2.0,,12-1573,Middle School,88.90,,8,0,28,19, 5:33,,9,0,27,19, 4:28
145,145,,0.00,14.84,74.0,Middle School,145.0,05:51:56,3,,7,0,23,27, 5:27,WV,2.0,,12-4170,Middle School,88.84,,3,0,33,17, 5:27,,8,0,28,30, 5:47
146,146,,0.00,17.52,71.0,Middle School,146.0,05:28:57,3,,6,0,24,14, 5:28,ID,1.0,,12-4476,Middle School,88.52,,17,0,19,37, 5:23,,8,0,28,20, 5:22
147,147,,0.00,4.50,84.0,Middle School,147.0,05:48:56,3,,10,0,20,33, 5:07,CA,54.0,,12-6766,Middle School,88.50,,14,0,22,29, 5:46,,10,0,26,22, 5:48
148,148,,0.00,12.92,75.0,Middle School,148.0,05:54:56,3,,5,0,25,12, 5:54,HI,3.0,,12-2623,Middle School,87.92,,14,0,22,37, 5:53,,9,0,27,26, 5:51
149,149,,0.00,2.75,85.0,Middle School,149.0,04:29:09,3,,7,0,23,22, 4:28,HI,4.0,,12-3846,Middle School,87.75,,12,0,24,32, 3:19,,11,0,25,31, 4:29
150,150,,0.00,17.49,70.0,Middle School,150.0,05:56:56,3,,7,0,23,23, 5:55,TX,12.0,,12-1622,Middle School,87.49,,9,0,27,26, 5:53,,10,0,26,21, 5:47
151,151,,0.00,0.00,87.0,Middle School,151.0,05:15:57,3,,9,0,21,35, 5:13,RI,5.0,,12-6015,Middle School,87.00,,14,0,22,25, 5:14,,9,0,27,27, 5:15
152,152,,0.00,6.50,80.0,Middle School,152.0,05:50:56,3,,5,0,25,18, 5:48,OH,3.0,,12-2718,Middle School,86.50,,13,0,23,36, 5:46,,9,1,27,26, 5:50
153,153,,0.00,1.25,85.0,Middle School,153.0,05:46:02,3,,12,1,18,23, 4:47,CA,55.0,,12-5862,Middle School,86.25,,10,0,26,21, 5:46,,21,1,15,41, 5:36
154,154,T,-3.00,14.02,75.0,Middle School,154.0,06:00:56,3,,7,0,23,22, 5:37,MD,6.0,,12-4564,Middle School,86.02,,14,0,22,31, 3:45,,10,0,26,22, 5:09
155,155,,0.00,7.00,79.0,Middle School,155.0,05:46:56,3,,6,0,24,14, 5:46,CA,56.0,,12-6748,Middle School,86.00,,9,0,27,21, 5:16,,13,0,23,44, 5:19
156,156,,0.00,6.75,79.0,Middle School,156.0,05:20:56,3,,10,0,20,29, 5:20,TX,13.0,,12-6353,Middle School,85.75,,5,0,31,15, 5:16,,10,0,26,35, 5:12
157,157,,0.00,12.34,73.0,Middle School,157.0,05:43:56,3,,8,0,22,30, 5:38,CA,57.0,,12-2620,Middle School,85.34,,11,0,25,24, 5:42,,8,0,28,19, 5:39
158,158,,0.00,23.07,62.0,Middle School,158.0,05:33:59,3,,2,1,28,-1, 5:33,SC,3.0,,12-3008,Middle School,85.07,,18,0,18,45, 5:33,,4,0,32,18, 5:32
159,159,,0.00,0.00,85.0,Middle School,159.0,05:44:00,3,,7,0,23,27, 5:33,CA,58.0,,12-1449,Middle School,85.00,,7,0,29,25, 5:43,,10,0,26,33, 5:32
160,160,T,-3.00,4.75,83.0,Middle School,160.0,06:00:56,3,T,12,0,18,35, 6:00,CA,59.0,,12-3628,Middle School,84.75,,14,0,22,31, 5:41,,8,0,28,17, 5:50
161,161,,0.00,7.75,77.0,Middle School,161.0,05:52:58,3,,9,0,21,32, 5:46,HI,5.0,,12-5638,Middle School,84.75,,6,0,30,29, 5:50,,7,0,29,16, 5:49
162,162,,0.00,19.48,65.0,Middle School,162.0,05:32:58,3,,9,0,21,28, 5:04,AL,6.0,,12-0912,Middle School,84.48,,13,0,23,29, 5:32,,5,0,31,8, 5:31
163,163,,0.00,7.25,77.0,Middle School,163.0,05:38:01,3,,8,3,22,12, 5:36,UT,2.0,,12-5318,Middle School,84.25,,14,0,22,48, 5:37,,8,0,28,17, 5:29
164,164,,0.00,0.00,84.0,Middle School,164.0,05:45:55,3,,16,0,14,46, 5:40,OK,1.0,,12-0017,Middle School,84.00,,9,0,27,17, 5:33,,13,0,23,21, 5:40
165,165,,0.00,6.00,78.0,Middle School,165.0,05:50:02,3,,6,0,24,21, 5:49,AL,7.0,,12-1352,Middle School,84.00,,12,0,24,32, 5:49,,11,0,25,25, 5:39
166,166,,0.00,5.75,78.0,Middle School,166.0,05:33:56,3,,4,0,26,21, 5:06,NH,1.0,,12-5681,Middle School,83.75,,6,0,30,29, 5:31,,7,0,29,28, 5:30
167,167,,0.00,8.75,75.0,Middle School,167.0,05:55:56,3,,11,0,19,28, 5:53,CO,11.0,,12-0032,Middle School,83.75,,9,0,27,15, 5:53,,12,0,24,32, 5:55
168,168,,0.00,18.58,65.0,Middle School,168.0,05:10:56,3,,8,0,22,29, 5:01,GA,11.0,Dark_Knights.exe,12-1307,Middle School,83.58,,9,0,27,16, 5:05,,10,0,26,20, 5:10
169,169,,0.00,3.25,80.0,Middle School,169.0,05:30:56,3,,6,0,24,16, 5:25,CA,60.0,,12-0150,Middle School,83.25,,16,0,20,39, 5:24,,8,0,28,25, 5:00
170,170,,0.00,0.00,83.0,Middle School,170.0,04:37:56,3,,14,0,16,31, 4:28,GA,12.0,,12-0040,Middle School,83.00,,12,0,24,31, 4:37,,11,0,25,21, 4:34
171,171,,0.00,16.71,66.0,Middle School,171.0,05:53:56,3,,10,0,20,26, 5:53,AL,8.0,,12-0911,Middle School,82.71,,12,0,24,21, 5:52,,9,0,27,19, 5:52
172,172,,0.00,0.00,82.0,Middle School,172.0,04:37:56,3,,12,0,18,40, 4:33,GA,13.0,,12-0038,Middle School,82.00,,6,0,30,10, 4:37,,14,0,22,32, 4:35
173,173,,0.00,0.00,82.0,Middle School,173.0,06:00:00,3,,10,0,20,36, 5:55,GA,14.0,LMS,12-3544,Middle School,82.00,,11,0,25,26, 5:52,,9,0,27,20, 5:53
174,174,,0.00,6.50,75.0,Middle School,174.0,05:35:00,3,,6,0,24,24, 5:11,OR,1.0,,12-0648,Middle School,81.50,,8,0,28,20, 5:35,,12,0,24,31, 4:03
175,175,,0.00,9.90,71.0,Middle School,175.0,05:49:00,3,,13,0,17,46, 5:46,SC,4.0,,12-0128,Middle School,80.90,,9,0,27,17, 5:38,,5,0,31,8, 5:48
176,176,,0.00,8.50,72.0,Middle School,176.0,05:50:55,3,,9,0,21,29, 5:35,CA,61.0,,12-6747,Middle School,80.50,,6,0,30,16, 2:11,,8,0,28,27, 5:49
177,177,,0.00,8.39,72.0,Middle School,177.0,05:43:01,3,,10,0,20,29, 5:28,HI,6.0,,12-0473,Middle School,80.39,,10,0,26,23, 5:43,,9,0,27,20, 5:37
178,178,,0.00,8.00,72.0,Middle School,178.0,05:47:59,3,,7,0,23,29, 5:47,VA,8.0,,12-5105,Middle School,80.00,,5,0,31,14, 5:27,,10,0,26,29, 5:47
179,179,,0.00,0.00,80.0,Middle School,179.0,05:49:14,3,,8,0,22,31, 3:59,NH,2.0,,12-5680,Middle School,80.00,,5,0,31,20, 5:38,,7,0,29,29, 5:49
180,180,,0.00,5.00,75.0,Middle School,180.0,05:57:57,3,,10,0,20,30, 5:55,AZ,1.0,,12-5705,Middle School,80.00,,9,0,27,18, 5:57,,12,0,24,27, 5:56
181,181,,0.00,0.00,80.0,Middle School,181.0,05:50:01,3,,6,0,24,14, 5:40,TX,14.0,,12-1689,Middle School,80.00,,12,0,24,33, 5:50,,12,0,24,33, 5:43
182,182,T,-3.00,14.83,68.0,Middle School,182.0,06:01:03,3,,8,0,22,29, 5:43,TX,15.0,,12-1415,Middle School,79.83,T,3,0,33,4, 6:01,,10,0,26,35, 5:42
183,183,,0.00,3.25,76.0,Middle School,183.0,05:35:00,3,,3,1,27,8, 4:50,PA,4.0,,12-5818,Middle School,79.25,,6,0,30,30, 3:40,,12,0,24,38, 5:34
184,184,,0.00,8.00,71.0,Middle School,184.0,05:56:56,3,,6,1,24,15, 5:53,VA,9.0,,12-6127,Middle School,79.00,,16,0,20,35, 5:56,,11,0,25,21, 5:56
185,185,,0.00,23.96,55.0,Middle School,185.0,05:39:56,3,,3,0,27,8, 5:39,WA,3.0,,12-4191,Middle School,78.96,,8,0,28,25, 5:30,,7,0,29,22, 5:39
186,186,,0.00,5.75,73.0,Middle School,186.0,05:18:59,3,,10,0,20,28, 5:14,GA,15.0,Cyber.Bytes_Intellect,12-1308,Middle School,78.75,,9,0,27,16, 5:17,,12,0,24,29, 5:17
187,187,T,-3.00,23.24,58.0,Middle School,187.0,06:00:55,3,,3,0,27,12, 5:58,FL,3.0,,12-3216,Middle School,78.24,,10,1,26,19, 5:58,,6,0,30,27, 5:56
188,188,,0.00,7.75,70.0,Middle School,188.0,05:16:57,3,,9,0,21,26, 5:05,CO,12.0,,12-5130,Middle School,77.75,,12,0,24,22, 5:07,,7,0,29,22, 4:21
189,189,,0.00,6.42,71.0,Middle School,189.0,05:33:55,3,,6,0,24,12, 5:31,OH,4.0,,12-1682,Middle School,77.42,,14,0,22,32, 5:32,,10,0,26,27, 5:32
190,190,,0.00,0.00,77.0,Middle School,190.0,05:05:56,3,,8,0,22,29, 5:03,CO,13.0,,12-5453,Middle School,77.00,,7,0,29,24, 5:05,,11,0,25,24, 4:28
191,191,,0.00,0.00,77.0,Middle School,191.0,05:31:57,3,,8,0,22,19, 5:25,CA,62.0,,12-2042,Middle School,77.00,,9,0,27,32, 5:31,,10,0,26,26, 5:22
192,192,,0.00,0.00,77.0,Middle School,192.0,05:50:00,3,,3,0,27,14, 5:36,CA,63.0,,12-3339,Middle School,77.00,,11,0,25,37, 5:46,,5,0,31,26, 5:35
193,193,,0.00,7.25,69.0,Middle School,193.0,05:06:55,3,,4,0,26,21, 5:06,RI,6.0,,12-5799,Middle School,76.25,,10,0,26,29, 4:35,,5,0,31,19, 5:02
194,194,,0.00,7.25,69.0,Middle School,194.0,05:56:03,3,,7,0,23,27, 5:54,CAN,3.0,,12-0704,Middle School,76.25,,10,0,26,24, 5:55,,10,0,26,18, 5:55
195,195,,0.00,10.14,66.0,Middle School,195.0,05:30:00,3,,6,0,24,25, 5:15,LA,2.0,,12-1668,Middle School,76.14,,9,0,27,21, 5:29,,6,0,30,20, 5:29
196,196,,0.00,8.00,68.0,Middle School,196.0,05:50:56,3,,8,0,22,29, 5:43,CO,14.0,,12-0034,Middle School,76.00,,9,0,27,21, 5:49,,8,0,28,18, 5:48
197,197,,0.00,9.00,67.0,Middle School,197.0,04:36:00,3,,9,0,21,22, 4:31,RI,7.0,,12-1073,Middle School,76.00,,11,0,25,25, 3:40,,10,0,26,20, 4:19
198,198,,0.00,0.00,76.0,Middle School,198.0,05:30:56,3,,11,0,19,32, 5:30,CA,64.0,,12-3430,Middle School,76.00,,10,0,26,18, 5:09,,9,0,27,26, 5:29
199,199,,0.00,0.00,76.0,Middle School,199.0,05:08:00,3,,13,0,17,40, 5:00,TN,1.0,,12-2782,Middle School,76.00,,5,0,31,8, 1:49,,11,0,25,28, 5:05
200,200,T,-3.00,18.50,60.0,Middle School,200.0,06:00:57,3,,8,0,22,25, 5:36,TX,16.0,,12-1472,Middle School,75.50,,6,0,30,16, 5:45,T,9,0,27,19, 6:00
201,201,,0.00,8.00,67.0,Middle School,201.0,05:45:56,3,,10,0,20,30, 5:37,MI,4.0,,12-1039,Middle School,75.00,,5,0,31,8, 5:33,,11,0,25,29, 5:45
202,202,,0.00,7.00,68.0,Middle School,202.0,05:58:57,3,,9,0,21,26, 5:58,CA,65.0,,12-5096,Middle School,75.00,,11,0,25,32, 5:56,,7,0,29,10, 5:54
203,203,,0.00,0.00,74.0,Middle School,203.0,04:59:01,3,,6,1,24,15, 4:54,GA,16.0,,12-1106,Middle School,74.00,,7,0,29,24, 4:59,,11,0,25,35, 4:56
204,204,,0.00,0.00,74.0,Middle School,204.0,05:54:56,3,,6,0,24,21, 5:52,TX,17.0,,12-5406,Middle School,74.00,,15,0,21,39, 5:54,,6,0,30,14, 5:52
205,205,,0.00,0.00,74.0,Middle School,205.0,05:57:57,3,,7,0,23,16, 5:47,TX,18.0,,12-1688,Middle School,74.00,,8,0,28,25, 5:57,,12,0,24,33, 5:55
206,206,,0.00,16.69,57.0,Middle School,206.0,05:06:56,3,,5,0,25,24, 5:06,AL,9.0,,12-0020,Middle School,73.69,,7,0,29,12, 5:05,,9,0,27,21, 5:05
207,207,,0.00,17.32,56.0,Middle School,207.0,04:26:56,3,,6,0,24,14, 4:22,CA,66.0,,12-0153,Middle School,73.32,,15,0,21,27, 4:16,,6,0,30,15, 4:08
208,208,,0.00,0.00,73.0,Middle School,208.0,05:48:56,3,,4,0,26,15, 5:47,FL,4.0,,12-3526,Middle School,73.00,,13,0,23,33, 5:47,,9,0,27,25, 5:46
209,209,,0.00,8.50,64.0,Middle School,209.0,04:32:56,3,,6,0,24,15, 4:13,CA,67.0,,12-4447,Middle School,72.50,,10,0,26,18, 4:32,,11,0,25,31, 4:31
210,210,,0.00,11.45,61.0,Middle School,210.0,05:54:59,3,,11,0,19,40, 5:54,NC,2.0,,12-2517,Middle School,72.45,,4,0,32,6, 5:54,,10,0,26,15, 5:53
211,211,,0.00,0.00,72.0,Middle School,211.0,05:11:00,3,,7,0,23,28, 5:10,LA,3.0,,12-1894,Middle School,72.00,,11,0,25,26, 5:10,,8,0,28,18, 5:10
212,212,,0.00,5.00,67.0,Middle School,212.0,05:09:01,3,,5,0,25,19, 5:08,GA,17.0,RMS,12-3744,Middle School,72.00,,15,0,21,38, 5:03,,8,0,28,10, 4:38
213,213,,0.00,8.00,64.0,Middle School,213.0,05:44:56,3,,3,0,27,8, 5:44,NV,3.0,,12-1572,Middle School,72.00,,15,0,21,27, 5:40,,13,0,23,29, 5:43
214,214,,0.00,8.00,64.0,Middle School,214.0,05:39:55,3,,10,1,20,29, 4:20,MD,7.0,,12-7293,Middle School,72.00,,5,0,31,8, 5:28,,10,0,26,27, 5:31
215,215,,0.00,0.00,72.0,Middle School,215.0,05:57:57,3,,5,0,25,22, 5:49,CA,68.0,,12-3342,Middle School,72.00,,2,0,34,16, 5:47,,9,0,27,34, 5:49
216,216,,0.00,4.00,68.0,Middle School,216.0,05:55:56,3,,9,0,21,32, 5:55,FL,5.0,,12-3215,Middle School,72.00,,6,0,30,16, 5:52,,10,0,26,20, 5:51
217,217,,0.00,12.69,59.0,Middle School,217.0,05:57:00,3,,3,0,27,8, 5:56,CA,69.0,,12-2859,Middle School,71.69,,13,0,23,30, 5:56,,11,0,25,21, 5:56
218,218,,0.00,5.50,66.0,Middle School,218.0,05:53:57,3,,4,2,26,5, 5:53,HI,7.0,,12-5081,Middle School,71.50,,14,0,22,30, 5:48,,7,0,29,31, 5:53
219,219,,0.00,14.24,57.0,Middle School,219.0,05:32:00,3,,6,0,24,14, 5:32,CT,1.0,,12-2035,Middle School,71.24,,13,1,23,22, 5:31,,10,0,26,21, 5:31
220,220,,0.00,15.19,56.0,Middle School,220.0,04:55:56,3,,6,0,24,20, 4:55,FL,6.0,,12-3221,Middle School,71.19,,4,0,32,11, 4:51,,9,0,27,25, 4:54
221,221,T,-3.00,0.00,74.0,Middle School,221.0,06:00:59,3,,6,0,24,25, 5:40,AL,10.0,,12-2316,Middle School,71.00,,13,0,23,29, 5:58,,8,0,28,20, 5:45
222,222,,0.00,8.00,62.0,Middle School,222.0,04:52:56,3,,9,0,21,29, 4:50,NM,1.0,,12-4675,Middle School,70.00,,13,0,23,24, 4:50,,6,0,30,9, 4:47
223,223,,0.00,12.88,57.0,Middle School,223.0,05:05:56,3,,8,0,22,30, 5:05,AL,11.0,,12-2758,Middle School,69.88,,4,0,32,6, 5:04,,8,0,28,21, 5:04
224,224,,0.00,15.53,54.0,Middle School,224.0,05:57:56,3,,7,0,23,22, 5:56,GA,18.0,,12-0876,Middle School,69.53,,4,0,32,6, 5:56,,9,0,27,26, 5:56
225,225,,0.00,3.50,66.0,Middle School,225.0,05:58:56,3,,9,0,21,20, 5:58,AL,12.0,,12-2811,Middle School,69.50,,9,0,27,26, 5:56,,10,0,26,20, 5:41
226,226,,0.00,0.00,69.0,Middle School,226.0,05:35:59,3,,9,0,21,32, 5:35,GA,19.0,LMS,12-3545,Middle School,69.00,,3,0,33,4, 5:35,,11,0,25,33, 5:35
227,227,,0.00,8.00,61.0,Middle School,227.0,05:38:00,3,,7,1,23,18, 5:36,AL,13.0,,12-0615,Middle School,69.00,,12,0,24,28, 5:38,,5,0,31,15, 4:24
228,228,,0.00,0.00,69.0,Middle School,228.0,05:53:01,3,,5,0,25,14, 5:50,TX,19.0,,12-6239,Middle School,69.00,,13,0,23,36, 5:52,,8,1,28,19, 5:51
229,229,,0.00,10.68,58.0,Middle School,229.0,05:53:00,3,,12,0,18,36, 5:51,TX,20.0,,12-2166,Middle School,68.68,,9,0,27,16, 5:52,,5,0,31,6, 5:51
230,230,,0.00,9.50,59.0,Middle School,230.0,05:59:12,3,,3,0,27,18, 5:45,VA,10.0,,12-3148,Middle School,68.50,,4,0,32,6, 3:21,,11,0,25,35, 3:09
231,231,,0.00,4.50,64.0,Middle School,231.0,04:52:55,3,,6,0,24,27, 4:52,RI,8.0,,12-2725,Middle School,68.50,,6,0,30,10, 4:30,,10,0,26,27, 4:50
232,232,,0.00,5.50,63.0,Middle School,232.0,05:36:09,3,,6,0,24,19, 5:33,PA,5.0,,12-5815,Middle School,68.50,,6,0,30,10, 5:35,,10,0,26,34, 5:36
233,233,T,-3.00,0.00,71.0,Middle School,233.0,06:00:59,3,,6,0,24,20, 5:43,OH,5.0,,12-2575,Middle School,68.00,,16,0,20,35, 5:54,,7,0,29,16, 5:44
234,234,,0.00,0.00,68.0,Middle School,234.0,05:56:01,3,,2,0,28,10, 5:36,AL,14.0,,12-2314,Middle School,68.00,,17,0,19,41, 5:56,,7,0,29,17, 5:37
235,235,,0.00,9.75,58.0,Middle School,235.0,02:35:57,3,,4,0,26,10, 2:15,CA,70.0,,12-1673,Middle School,67.75,,10,0,26,24, 2:27,,8,0,28,24, 2:25
236,236,,0.00,1.75,66.0,Middle School,236.0,05:50:56,3,,8,0,22,26, 5:50,AL,15.0,,12-0611,Middle School,67.75,,13,0,23,30, 5:45,,7,0,29,10, 2:59
237,237,,0.00,8.00,59.0,Middle School,237.0,05:07:56,3,,6,0,24,19, 5:05,TX,21.0,,12-1618,Middle School,67.00,,12,0,24,22, 4:08,,8,0,28,18, 4:44
238,238,,0.00,6.00,61.0,Middle School,238.0,04:56:56,3,,4,1,26,10, 4:56,FL,7.0,,12-5625,Middle School,67.00,,13,0,23,28, 4:55,,10,0,26,23, 4:56
239,239,,0.00,7.00,60.0,Middle School,239.0,05:27:11,3,,5,0,25,10, 5:02,CA,71.0,,12-5198,Middle School,67.00,,19,0,17,38, 5:27,,5,0,31,12, 4:26
240,240,M,-5.00,8.75,63.0,Middle School,240.0,05:47:00,3,,6,0,24,21, 5:46,IN,1.0,,12-6427,Middle School,66.75,,7,0,29,11, 5:38,M,9,0,27,31, 5:45
241,241,,0.00,6.75,60.0,Middle School,241.0,05:50:55,3,,2,0,28,5, 5:50,MI,5.0,,12-6169,Middle School,66.75,,11,0,25,32, 5:18,,10,0,26,23, 5:44
242,242,,0.00,7.25,59.0,Middle School,242.0,05:49:55,3,,3,1,27,2, 5:49,GA,20.0,GMS,12-0149,Middle School,66.25,,16,0,20,33, 5:27,,12,0,24,24, 5:46
243,243,,0.00,0.00,66.0,Middle School,243.0,05:04:00,3,,6,1,24,11, 4:41,CA,72.0,,12-0805,Middle School,66.00,,17,0,19,47, 5:03,,5,0,31,8, 4:36
244,244,,0.00,7.00,59.0,Middle School,244.0,05:55:56,3,,6,0,24,15, 5:51,AZ,2.0,,12-5713,Middle School,66.00,,7,0,29,12, 5:53,,15,0,21,32, 5:55
245,245,,0.00,14.91,51.0,Middle School,245.0,05:04:56,3,,5,0,25,24, 5:03,AL,16.0,,12-0022,Middle School,65.91,,4,0,32,11, 5:03,,6,0,30,16, 5:04
246,246,T,-3.00,11.36,57.0,Middle School,246.0,06:02:55,3,,8,0,22,30, 4:24,AL,17.0,,12-2809,Middle School,65.36,,4,0,32,13, 5:53,,6,0,30,14, 5:59
247,247,,0.00,7.12,58.0,Middle School,247.0,05:39:56,3,,9,0,21,34, 4:26,LA,4.0,,12-1783,Middle School,65.12,,10,1,26,18, 3:56,,8,1,28,6, 5:38
248,248,,0.00,0.00,65.0,Middle School,248.0,05:37:56,3,,5,0,25,16, 5:31,TX,22.0,,12-2762,Middle School,65.00,,14,0,22,40, 5:30,,7,0,29,9, 5:37
249,249,,0.00,7.42,57.0,Middle School,249.0,05:55:55,3,,3,0,27,7, 5:51,FL,8.0,,12-0527,Middle School,64.42,,16,0,20,35, 5:39,,5,0,31,15, 5:40
250,250,,0.00,1.25,63.0,Middle School,250.0,05:45:56,3,,8,0,22,26, 5:42,AL,18.0,,12-0613,Middle School,64.25,,9,0,27,22, 5:45,,10,0,26,15, 4:23
251,251,,0.00,0.00,64.0,Middle School,251.0,04:45:59,3,,11,0,19,32, 4:23,OH,6.0,,12-1188,Middle School,64.00,,6,0,30,11, 4:45,,10,0,26,21, 4:23
252,252,,0.00,0.00,64.0,Middle School,252.0,05:31:57,3,,8,0,22,31, 5:27,HI,8.0,,12-7036,Middle School,64.00,,0,0,36,0, 5:30,,9,0,27,33, 4:37
253,253,T,-3.00,9.00,58.0,Middle School,253.0,06:01:07,3,,6,0,24,15, 2:26,FL,9.0,,12-1151,Middle School,64.00,,13,0,23,23, 6:00,,9,0,27,20, 4:29
254,254,,0.00,17.92,46.0,Middle School,254.0,02:45:59,3,,2,0,28,4, 2:11,CA,73.0,,12-1594,Middle School,63.92,,10,0,26,17, 2:39,,9,0,27,25, 2:30
255,255,,0.00,10.46,52.0,Middle School,255.0,05:50:58,3,,5,0,25,13, 5:48,TX,23.0,,12-2164,Middle School,62.46,,4,0,32,12, 5:49,,10,0,26,27, 5:22
256,256,,0.00,0.00,62.0,Middle School,256.0,04:55:57,2,,6,0,24,22, 4:51,MO,7.0,,12-1165,Middle School,62.00,,,,,,,,13,0,23,40, 4:55
257,257,,0.00,6.00,56.0,Middle School,257.0,05:51:56,3,,7,0,23,28, 5:51,TX,24.0,,12-5428,Middle School,62.00,,5,0,31,14, 5:50,,6,0,30,14, 5:50
258,258,,0.00,11.96,50.0,Middle School,258.0,05:25:59,3,,5,0,25,12, 4:12,MD,8.0,,12-4125,Middle School,61.96,,9,0,27,21, 2:20,,8,0,28,17, 4:32
259,259,,0.00,9.39,52.0,Middle School,259.0,04:45:56,3,,8,0,22,21, 4:45,LA,5.0,,12-1784,Middle School,61.39,,5,0,31,13, 4:44,,8,0,28,18, 4:44
260,260,,0.00,4.25,57.0,Middle School,260.0,05:35:00,3,,9,0,21,22, 3:13,TX,25.0,,12-0798,Middle School,61.25,,14,0,22,25, 5:34,,7,0,29,10, 2:53
261,261,,0.00,17.04,44.0,Middle School,261.0,05:53:57,3,,5,0,25,12, 5:52,HI,9.0,,12-0221,Middle School,61.04,,10,0,26,24, 5:50,,7,0,29,8, 5:50
262,262,,0.00,0.00,61.0,Middle School,262.0,05:08:00,3,,7,0,23,28, 5:06,LA,6.0,,12-3908,Middle School,61.00,,6,0,30,16, 5:08,,7,0,29,17, 5:06
263,263,,0.00,0.00,61.0,Middle School,263.0,05:52:56,3,,7,0,23,22, 5:52,WA,4.0,,12-0484,Middle School,61.00,,6,0,30,9, 5:33,,10,0,26,30, 5:36
264,264,,0.00,20.88,40.0,Middle School,264.0,05:58:55,3,,5,0,25,17, 5:56,CA,74.0,,12-2044,Middle School,60.88,,6,0,30,9, 5:53,,6,0,30,14, 5:54
265,265,,0.00,3.75,57.0,Middle School,265.0,05:32:56,3,,2,0,28,10, 4:48,CO,15.0,,12-3497,Middle School,60.75,,13,0,23,34, 5:32,,4,0,32,13, 5:21
266,266,,0.00,8.64,52.0,Middle School,266.0,05:36:02,3,,2,0,28,5, 5:35,FL,10.0,,12-0482,Middle School,60.64,,12,0,24,22, 5:28,,8,0,28,25, 5:33
267,267,,0.00,7.00,53.0,Middle School,267.0,05:36:57,3,,6,0,24,22, 4:32,OH,7.0,,12-6152,Middle School,60.00,,7,0,29,17, 5:36,,6,0,30,14, 5:03
268,268,,0.00,0.00,60.0,Middle School,268.0,05:44:53,3,,5,0,25,12, 5:41,AL,19.0,,12-0614,Middle School,60.00,,10,0,26,30, 5:43,,9,0,27,18, 4:25
269,269,,0.00,6.75,53.0,Middle School,269.0,04:09:56,3,,5,0,25,18, 4:09,CO,16.0,,12-4339,Middle School,59.75,,7,0,29,18, 3:58,,7,0,29,17, 3:55
270,270,,0.00,6.75,53.0,Middle School,270.0,05:57:00,3,,7,0,23,17, 5:56,GA,21.0,,12-6692,Middle School,59.75,,8,0,28,20, 5:35,,10,0,26,16, 5:56
271,271,,0.00,8.64,51.0,Middle School,271.0,05:20:02,3,,4,0,26,9, 5:03,LA,7.0,,12-1785,Middle School,59.64,,8,0,28,15, 5:19,,9,0,27,27, 5:12
272,272,,0.00,14.93,44.0,Middle School,272.0,05:41:56,3,,3,0,27,12, 3:54,CO,17.0,,12-1261,Middle School,58.93,,10,0,26,18, 5:34,,6,0,30,14, 3:56
273,273,,0.00,7.75,51.0,Middle School,273.0,03:37:57,3,,1,0,29,2, 3:37,CA,75.0,,12-0228,Middle School,58.75,,12,0,24,28, 3:33,,6,0,30,21, 3:37
274,274,,0.00,13.72,45.0,Middle School,274.0,05:46:00,3,,4,0,26,16, 5:45,TX,26.0,,12-1624,Middle School,58.72,,6,0,30,10, 5:44,,8,0,28,19, 5:45
275,275,,0.00,7.50,51.0,Middle School,275.0,05:04:57,3,,7,0,23,22, 5:03,TX,27.0,,12-4773,Middle School,58.50,,13,0,23,33, 5:03,,6,3,30,-4, 5:03
276,276,,0.00,0.00,58.0,Middle School,276.0,05:19:00,3,,1,0,29,2, 5:14,IN,2.0,,12-0142,Middle School,58.00,,18,0,18,41, 5:19,,5,0,31,15, 5:15
277,277,,0.00,0.00,58.0,Middle School,277.0,05:33:01,3,,4,1,26,10, 5:10,GA,22.0,LMS,12-3546,Middle School,58.00,,12,0,24,22, 5:33,,9,0,27,26, 5:31
278,278,,0.00,6.50,51.0,Middle School,278.0,05:55:57,3,,7,1,23,14, 5:54,AZ,3.0,,12-5711,Middle School,57.50,,5,0,31,15, 5:54,,14,0,22,22, 5:55
279,279,,0.00,7.25,50.0,Middle School,279.0,04:57:57,3,,7,1,23,23, 4:38,VA,11.0,,12-5310,Middle School,57.25,,5,0,31,14, 4:56,,5,0,31,13, 4:57
280,280,,0.00,16.08,41.0,Middle School,280.0,05:39:56,3,,1,0,29,8, 5:08,LA,8.0,,12-2815,Middle School,57.08,,8,0,28,21, 5:12,,5,0,31,12, 5:12
281,281,,0.00,9.00,48.0,Middle School,281.0,05:39:56,3,,6,0,24,19, 2:02,WV,3.0,,12-0784,Middle School,57.00,,1,0,35,8, 5:39,,6,0,30,21, 4:36
282,282,,0.00,9.25,47.0,Middle School,282.0,05:02:56,3,,6,0,24,19, 5:02,LA,9.0,,12-1531,Middle School,56.25,,5,0,31,12, 4:57,,8,0,28,16, 4:54
283,283,,0.00,0.00,56.0,Middle School,283.0,03:31:56,3,,5,0,25,18, 3:28,TX,28.0,,12-4070,Middle School,56.00,,7,0,29,12, 1:34,,9,0,27,26, 3:30
284,284,,0.00,6.00,50.0,Middle School,284.0,05:23:56,3,,4,2,26,0, 5:13,GA,23.0,GMS,12-0147,Middle School,56.00,,15,0,21,31, 5:09,,13,0,23,19, 5:12
285,285,,0.00,0.00,56.0,Middle School,285.0,05:44:04,3,,4,0,26,21, 3:52,CA,76.0,,12-3965,Middle School,56.00,,3,0,33,10, 1:41,,8,0,28,25, 5:44
286,286,,0.00,6.00,50.0,Middle School,286.0,05:36:56,3,,5,0,25,13, 3:23,CA,77.0,,12-2896,Middle School,56.00,,7,0,29,12, 5:24,,12,0,24,25, 5:34
287,287,,0.00,4.75,51.0,Middle School,287.0,05:34:56,3,,5,0,25,13, 5:14,TX,29.0,,12-1555,Middle School,55.75,,7,0,29,18, 5:33,,9,0,27,20, 5:34
288,288,,0.00,0.00,55.0,Middle School,288.0,04:47:56,3,,3,0,27,7, 4:34,PA,6.0,,12-0775,Middle School,55.00,,17,0,19,37, 4:46,,8,0,28,11, 4:00
289,289,,0.00,7.75,47.0,Middle School,289.0,05:59:01,3,,8,0,22,26, 5:56,OK,2.0,,12-0018,Middle School,54.75,,6,0,30,11, 5:58,,6,0,30,10, 5:56
290,290,,0.00,5.25,49.0,Middle School,290.0,05:27:00,3,,4,0,26,10, 5:26,FL,11.0,,12-0528,Middle School,54.25,,13,0,23,24, 5:26,,7,0,29,15, 5:25
291,291,,0.00,0.00,54.0,Middle School,291.0,04:46:59,3,,4,0,26,15, 4:46,AL,20.0,,12-0924,Middle School,54.00,,11,0,25,19, 4:46,,9,1,27,20, 4:45
292,292,,0.00,6.00,48.0,Middle School,292.0,05:48:01,3,,4,0,26,17, 5:46,MI,6.0,,12-1040,Middle School,54.00,,4,0,32,6, 5:14,,9,0,27,25, 5:42
293,293,,0.00,11.94,42.0,Middle School,293.0,04:55:01,3,,6,0,24,13, 4:54,FL,12.0,,12-3220,Middle School,53.94,,7,0,29,13, 4:53,,6,0,30,16, 4:53
294,294,,0.00,4.50,49.0,Middle School,294.0,05:55:57,3,,7,0,23,18, 5:55,KS,2.0,,12-3568,Middle School,53.50,,4,0,32,6, 5:55,,12,0,24,25, 5:50
295,295,,0.00,9.00,44.0,Middle School,295.0,05:15:01,3,,4,0,26,9, 5:08,CO,18.0,,12-5145,Middle School,53.00,,7,0,29,12, 5:15,,8,0,28,23, 5:13
296,296,,0.00,0.00,53.0,Middle School,296.0,05:47:59,3,,6,0,24,27, 5:28,TX,30.0,,12-6242,Middle School,53.00,,10,0,26,18, 5:47,,6,0,30,8, 5:38
297,297,,0.00,7.00,46.0,Middle School,297.0,05:55:00,3,,4,1,26,11, 5:42,MD,9.0,,12-5297,Middle School,53.00,,8,0,28,14, 5:55,,6,0,30,21, 5:41
298,298,,0.00,4.75,48.0,Middle School,298.0,05:44:56,3,,3,0,27,6, 3:22,CA,78.0,,12-2045,Middle School,52.75,,11,0,25,33, 5:41,,6,0,30,9, 5:35
299,299,,0.00,8.02,44.0,Middle School,299.0,05:38:56,3,,4,0,26,16, 5:28,CA,79.0,,12-1050,Middle School,52.02,,8,0,28,14, 5:30,,5,0,31,14, 5:30
300,300,,0.00,0.00,51.0,Middle School,300.0,02:10:01,3,,8,0,22,20, 2:06,OH,8.0,,12-1189,Middle School,51.00,,9,0,27,15, 1:58,,6,0,30,16, 2:09
301,301,,0.00,7.75,43.0,Middle School,301.0,05:53:56,3,,4,0,26,10, 5:47,CA,80.0,,12-5076,Middle School,50.75,,9,0,27,21, 5:53,,5,0,31,12, 5:47
302,302,,0.00,6.75,44.0,Middle School,302.0,05:41:56,3,,4,0,26,15, 2:49,LA,10.0,,12-5441,Middle School,50.75,,7,0,29,16, 5:40,,6,0,30,13, 5:41
303,303,,0.00,11.56,39.0,Middle School,303.0,05:36:59,3,,9,0,21,25, 5:36,LA,11.0,,12-2816,Middle School,50.56,,3,1,33,0, 5:36,,7,0,29,14, 4:30
304,304,,0.00,4.50,46.0,Middle School,304.0,04:29:59,3,,5,0,25,12, 4:28,CA,81.0,,12-1001,Middle School,50.50,,10,0,26,18, 4:27,,6,0,30,16, 4:28
305,305,,0.00,2.25,48.0,Middle School,305.0,05:51:55,3,,4,0,26,16, 5:51,TX,31.0,,12-2167,Middle School,50.25,,4,0,32,12, 5:51,,10,0,26,20, 5:50
306,306,,0.00,0.00,50.0,Middle School,306.0,04:34:33,3,,9,0,21,31, 4:34,FL,13.0,,12-3999,Middle School,50.00,,2,0,34,3, 1:02,,6,0,30,16, 2:35
307,307,,0.00,3.75,46.0,Middle School,307.0,04:38:00,3,,4,0,26,10, 4:37,SC,5.0,,12-6203,Middle School,49.75,,12,0,24,29, 4:36,,6,0,30,7, 4:27
308,308,,0.00,8.50,41.0,Middle School,308.0,05:30:56,3,,7,0,23,27, 5:28,NJ,4.0,,12-5042,Middle School,49.50,,3,0,33,4, 4:47,,3,0,33,10, 4:48
309,309,,0.00,6.39,43.0,Middle School,309.0,05:39:59,3,,4,0,26,10, 5:38,FL,14.0,,12-3354,Middle School,49.39,,9,0,27,16, 5:39,,7,0,29,17, 5:38
310,310,,0.00,8.16,41.0,Middle School,310.0,05:25:59,3,,5,0,25,11, 5:24,GA,24.0,CMS,12-1602,Middle School,49.16,,4,0,32,12, 5:25,,9,0,27,18, 5:25
311,311,,0.00,21.13,28.0,Middle School,311.0,04:19:00,3,,2,0,28,4, 4:16,CO,19.0,,12-3040,Middle School,49.13,,6,0,30,16, 4:19,,6,0,30,8, 3:36
312,312,,0.00,18.68,30.0,Middle School,312.0,05:54:58,3,,5,0,25,17, 5:49,TX,32.0,,12-3482,Middle School,48.68,,5,0,31,7, 5:54,,4,1,32,6, 5:47
313,313,,0.00,9.39,39.0,Middle School,313.0,05:54:01,3,,4,0,26,10, 5:52,MN,4.0,,12-2549,Middle School,48.39,,10,0,26,21, 5:53,,5,0,31,8, 5:52
314,314,,0.00,0.00,48.0,Middle School,314.0,05:57:58,3,,3,0,27,7, 5:56,HI,10.0,,12-5099,Middle School,48.00,,10,1,26,26, 4:57,,5,0,31,15, 5:53
315,315,,0.00,2.75,45.0,Middle School,315.0,05:46:56,3,,1,0,29,8, 5:44,MI,7.0,,12-5741,Middle School,47.75,,1,0,35,8, 5:43,,7,0,29,29, 5:46
316,316,,0.00,5.75,42.0,Middle School,316.0,04:28:56,3,,2,0,28,5, 4:28,HI,11.0,,12-5640,Middle School,47.75,,7,0,29,16, 4:24,,9,0,27,21, 4:24
317,317,,0.00,6.50,41.0,Middle School,317.0,05:56:55,3,,6,0,24,16, 5:56,TX,33.0,,12-3986,Middle School,47.50,,5,0,31,8, 5:51,,10,0,26,17, 4:17
318,318,,0.00,17.31,30.0,Middle School,318.0,05:32:57,3,,3,0,27,12, 5:11,HI,12.0,,12-0474,Middle School,47.31,,3,0,33,4, 5:32,,6,0,30,14, 5:32
319,319,,0.00,0.00,47.0,Middle School,319.0,04:23:56,3,,7,0,23,23, 4:23,NJ,5.0,,12-3084,Middle School,47.00,,8,0,28,14, 4:06,,7,0,29,10, 4:08
320,320,,0.00,0.00,47.0,Middle School,320.0,05:55:58,3,,3,0,27,12, 5:54,TX,34.0,,12-5401,Middle School,47.00,,14,0,22,31, 5:55,,3,0,33,4, 5:54
321,321,,0.00,7.00,40.0,Middle School,321.0,05:49:56,3,,6,0,24,21, 5:49,TX,35.0,,12-6225,Middle School,47.00,,7,0,29,13, 5:47,,4,1,32,6, 5:46
322,322,,0.00,8.75,38.0,Middle School,322.0,05:53:01,3,,4,1,26,4, 4:00,TX,36.0,,12-3991,Middle School,46.75,,8,0,28,20, 5:53,,6,0,30,14, 4:56
323,323,,0.00,3.50,43.0,Middle School,323.0,04:29:00,3,,6,0,24,20, 4:28,CA,82.0,,12-0998,Middle School,46.50,,5,0,31,8, 4:27,,6,0,30,15, 4:28
324,324,,0.00,9.37,37.0,Middle School,324.0,05:53:59,3,,3,0,27,13, 5:53,AZ,4.0,,12-1578,Middle School,46.37,,5,0,31,8, 5:53,,7,0,29,16, 5:53
325,325,,0.00,7.25,39.0,Middle School,325.0,05:51:00,3,,3,0,27,9, 5:14,AZ,5.0,,12-5714,Middle School,46.25,,4,0,32,14, 5:51,,6,0,30,16, 5:50
326,326,,0.00,6.00,40.0,Middle School,326.0,03:13:59,3,,1,0,29,2, 3:04,VA,12.0,,12-3147,Middle School,46.00,,2,0,34,3, 3:13,,11,0,25,35, 3:06
327,327,,0.00,4.00,42.0,Middle School,327.0,05:12:55,3,,5,0,25,17, 4:54,GA,25.0,GMS,12-0154,Middle School,46.00,,5,0,31,7, 4:35,,8,0,28,18, 4:47
328,328,,0.00,0.00,46.0,Middle School,328.0,05:22:58,3,,2,0,28,16, 5:16,CA,83.0,,12-1660,Middle School,46.00,,9,0,27,21, 5:22,,6,0,30,9, 5:15
329,329,,0.00,0.00,46.0,Middle School,329.0,05:36:56,3,,5,0,25,23, 5:36,AL,21.0,,12-2315,Middle School,46.00,,5,0,31,14, 5:34,,2,0,34,9, 5:32
330,330,,0.00,3.75,42.0,Middle School,330.0,05:39:57,3,,6,0,24,14, 5:05,CO,20.0,,12-5144,Middle School,45.75,,13,1,23,23, 5:39,,4,0,32,5, 4:22
331,331,,0.00,6.50,39.0,Middle School,331.0,04:47:56,3,,4,0,26,11, 4:42,NC,3.0,,12-5300,Middle School,45.50,,6,0,30,17, 4:36,,7,0,29,11, 4:47
332,332,,0.00,7.50,38.0,Middle School,332.0,05:44:59,3,,5,0,25,17, 5:43,FL,15.0,,12-4091,Middle School,45.50,,4,0,32,6, 5:44,,7,0,29,15, 5:44
333,333,,0.00,9.42,36.0,Middle School,333.0,04:42:56,3,,5,0,25,13, 4:39,AL,22.0,,12-0732,Middle School,45.42,,4,0,32,6, 4:38,,7,0,29,17, 4:42
334,334,,0.00,5.25,40.0,Middle School,334.0,05:05:00,3,,4,0,26,21, 3:51,TX,37.0,,12-1619,Middle School,45.25,,7,0,29,18, 5:05,,4,1,32,1, 4:01
335,335,,0.00,0.00,45.0,Middle School,335.0,03:35:08,3,,4,0,26,10, 2:30,TN,2.0,,12-2781,Middle School,45.00,,12,0,24,21, 3:24,,6,0,30,14, 3:21
336,336,,0.00,4.98,40.0,Middle School,336.0,05:56:56,3,,6,0,24,15, 5:56,AZ,6.0,,12-0727,Middle School,44.98,,9,0,27,17, 5:51,,6,0,30,8, 5:56
337,337,,0.00,8.00,36.0,Middle School,337.0,05:39:56,3,,3,0,27,7, 5:39,CAN,4.0,,12-0703,Middle School,44.00,,7,0,29,16, 5:34,,5,0,31,13, 5:38
338,338,,0.00,0.00,44.0,Middle School,338.0,05:04:01,3,,5,0,25,11, 5:01,CO,21.0,,12-1060,Middle School,44.00,,11,0,25,19, 5:00,,6,0,30,14, 4:58
339,339,,0.00,0.00,44.0,Middle School,339.0,05:56:56,3,,5,0,25,12, 5:53,TX,38.0,,12-1690,Middle School,44.00,,5,0,31,20, 5:54,,8,1,28,12, 5:56
340,340,,0.00,17.90,26.0,Middle School,340.0,05:45:56,3,,2,0,28,6, 5:45,TX,39.0,,12-1629,Middle School,43.90,,7,0,29,12, 5:44,,5,1,31,8, 5:43
341,341,,0.00,6.75,37.0,Middle School,341.0,04:48:56,3,,2,0,28,10, 4:26,CO,22.0,,12-6069,Middle School,43.75,,3,0,33,6, 4:09,,6,0,30,21, 4:48
342,342,,0.00,6.75,37.0,Middle School,342.0,05:59:01,3,,4,0,26,11, 5:55,GA,26.0,,12-2685,Middle School,43.75,,4,0,32,7, 5:56,,9,0,27,19, 5:51
343,343,,0.00,7.50,36.0,Middle School,343.0,04:43:57,3,,0,0,30,0, 4:43,CO,23.0,,12-5134,Middle School,43.50,,3,0,33,4, 4:43,,9,0,27,32, 4:32
344,344,,0.00,0.00,43.0,Middle School,344.0,05:34:59,3,,6,0,24,19, 4:41,CT,2.0,,12-4037,Middle School,43.00,,5,0,31,15, 5:34,,6,0,30,9, 5:09
345,345,,0.00,4.75,38.0,Middle School,345.0,05:50:59,3,,2,0,28,5, 5:50,KS,3.0,,12-3569,Middle School,42.75,,15,0,21,27, 5:50,,5,0,31,6, 5:47
346,346,,0.00,6.50,36.0,Middle School,346.0,05:39:59,3,,4,0,26,8, 5:38,FL,16.0,,12-5125,Middle School,42.50,,5,0,31,8, 5:39,,9,0,27,20, 5:38
347,347,,0.00,8.50,34.0,Middle School,347.0,05:29:55,3,,4,0,26,14, 5:01,SC,6.0,,12-4919,Middle School,42.50,,4,0,32,6, 5:06,,6,0,30,14, 5:28
348,348,,0.00,3.25,39.0,Middle School,348.0,05:31:56,3,,3,0,27,6, 2:35,CA,84.0,,12-6442,Middle School,42.25,,7,0,29,15, 5:16,,8,0,28,18, 5:18
349,349,,0.00,8.00,34.0,Middle School,349.0,05:26:56,3,,4,0,26,15, 5:19,GA,27.0,CMS,12-3503,Middle School,42.00,,3,0,33,4, 5:23,,7,0,29,15, 5:26
350,350,,0.00,0.00,42.0,Middle School,350.0,05:33:56,3,,3,0,27,12, 5:31,OH,9.0,,12-2576,Middle School,42.00,,12,0,24,22, 5:29,,5,0,31,8, 5:33
351,351,,0.00,0.00,42.0,Middle School,351.0,05:32:57,3,,3,0,27,19, 5:32,CA,85.0,,12-4647,Middle School,42.00,,1,0,35,8, 2:08,,5,1,31,15, 5:31
352,352,,0.00,3.75,38.0,Middle School,352.0,05:46:59,1,,,,,,,CA,86.0,,12-6751,Middle School,41.75,,16,0,20,38, 5:46,,,,,,
353,353,,0.00,3.75,37.0,Middle School,353.0,05:13:01,3,,3,0,27,7, 5:02,CO,24.0,,12-3657,Middle School,40.75,,3,0,33,4, 5:11,,9,0,27,26, 5:04
354,354,,0.00,12.56,28.0,Middle School,354.0,05:14:55,3,,1,0,29,2, 5:11,CO,25.0,,12-1356,Middle School,40.56,,12,0,24,28, 4:41,,3,1,33,-2, 4:40
355,355,,0.00,3.50,37.0,Middle School,355.0,05:40:55,3,,3,0,27,14, 5:40,CA,87.0,,12-5077,Middle School,40.50,,7,0,29,13, 5:39,,3,0,33,10, 5:38
356,356,,0.00,11.48,29.0,Middle School,356.0,02:09:56,3,,2,0,28,5, 1:36,IL,2.0,,12-4076,Middle School,40.48,,10,0,26,17, 2:02,,6,0,30,7, 2:08
357,357,,0.00,1.39,39.0,Middle School,357.0,05:59:00,3,,4,0,26,9, 5:23,TX,40.0,,12-3992,Middle School,40.39,,15,1,21,24, 5:59,,5,0,31,6, 5:48
358,358,,0.00,7.38,33.0,Middle School,358.0,05:32:56,3,,4,0,26,11, 5:29,GA,28.0,,12-0877,Middle School,40.38,,4,0,32,6, 5:31,,6,0,30,16, 5:30
359,359,,0.00,0.00,40.0,Middle School,359.0,02:59:00,3,,3,0,27,14, 2:13,TN,3.0,,12-4964,Middle School,40.00,,0,0,36,0, 0:18,,9,0,27,26, 2:01
360,360,,0.00,8.76,31.0,Middle School,360.0,04:28:48,3,,2,0,28,4, 1:11,NV,4.0,,12-0234,Middle School,39.76,,4,0,32,6, 2:04,,11,0,25,21, 4:28
361,361,,0.00,7.68,32.0,Middle School,361.0,05:19:59,3,,2,0,28,5, 5:04,SC,7.0,,12-3009,Middle School,39.68,,11,0,25,25, 5:19,,2,0,34,2, 5:03
362,362,,0.00,0.00,39.0,Middle School,362.0,03:43:56,3,,3,0,27,7, 1:40,ID,2.0,,12-2705,Middle School,39.00,,4,0,32,6, 1:44,,10,0,26,26, 3:42
363,363,,0.00,7.75,31.0,Middle School,363.0,05:36:01,3,,2,0,28,5, 5:34,CAN,5.0,,12-6425,Middle School,38.75,,5,0,31,8, 5:36,,8,0,28,18, 5:31
364,364,,0.00,0.00,38.0,Middle School,364.0,05:30:56,3,,5,1,25,12, 5:30,HI,13.0,,12-5098,Middle School,38.00,,8,0,28,16, 5:00,,7,0,29,10, 5:01
365,365,,0.00,9.92,28.0,Middle School,365.0,05:25:56,3,,3,0,27,8, 2:25,MI,8.0,,12-4906,Middle School,37.92,,4,0,32,6, 5:22,,5,0,31,14, 4:10
366,366,,0.00,0.00,37.0,Middle School,366.0,05:59:03,3,,3,0,27,13, 3:43,FL,17.0,,12-6270,Middle School,37.00,,3,0,33,4, 2:08,,6,0,30,20, 2:49
367,367,,0.00,4.00,33.0,Middle School,367.0,05:41:56,3,,4,0,26,9, 5:34,KS,4.0,,12-5148,Middle School,37.00,,9,0,27,16, 5:38,,6,0,30,8, 5:41
368,368,,0.00,0.00,36.0,Middle School,368.0,04:05:02,3,,2,0,28,6, 4:02,NJ,6.0,,12-1698,Middle School,36.00,,12,0,24,21, 4:03,,7,0,29,9, 4:04
369,369,,0.00,9.00,27.0,Middle School,369.0,04:54:57,3,,2,0,28,4, 0:46,CA,88.0,,12-3456,Middle School,36.00,,5,0,31,8, 1:45,,7,0,29,15, 2:15
370,370,,0.00,0.00,36.0,Middle School,370.0,05:46:56,2,,6,0,24,24, 5:02,SC,8.0,,12-4603,Middle School,36.00,,,,,,,,4,0,32,12, 5:46
371,371,,0.00,10.95,25.0,Middle School,371.0,05:45:01,3,,4,0,26,15, 5:44,TX,41.0,,12-1631,Middle School,35.95,,3,0,33,4, 5:44,,5,0,31,6, 5:44
372,372,,0.00,0.00,35.0,Middle School,372.0,05:56:02,3,,8,0,22,23, 5:54,CA,89.0,,12-4658,Middle School,35.00,,2,1,34,-2, 5:56,,9,0,27,14, 5:40
373,373,,0.00,0.00,35.0,Middle School,373.0,05:31:00,2,,,,,,,FL,18.0,,12-6340,Middle School,35.00,,14,0,22,31, 5:31,,3,0,33,4, 5:30
374,374,,0.00,6.00,28.0,Middle School,374.0,05:58:59,3,,4,0,26,11, 5:58,OK,3.0,,12-0016,Middle School,34.00,,3,0,33,6, 5:42,,8,0,28,11, 5:55
375,375,,0.00,3.25,30.0,Middle School,375.0,05:32:00,3,,4,0,26,9, 5:27,FL,19.0,,12-0481,Middle School,33.25,,4,0,32,6, 5:32,,7,0,29,15, 5:30
376,376,,0.00,0.00,33.0,Middle School,376.0,03:33:00,3,,3,0,27,13, 3:22,CA,90.0,,12-1920,Middle School,33.00,,1,0,35,1, 3:30,,5,0,31,19, 3:32
377,377,,0.00,7.00,25.0,Middle School,377.0,03:38:56,3,,3,1,27,3, 3:38,CO,26.0,,12-3176,Middle School,32.00,,1,0,35,2, 3:02,,7,0,29,20, 3:38
378,378,,0.00,0.00,32.0,Middle School,378.0,05:55:01,3,,4,0,26,15, 5:52,CA,91.0,,12-4660,Middle School,32.00,,2,0,34,3, 5:55,,6,0,30,14, 5:53
379,379,T,-3.00,5.00,30.0,Middle School,379.0,06:08:01,3,,5,0,25,13, 5:45,UT,3.0,,12-5320,Middle School,32.00,,6,0,30,10, 5:55,,6,0,30,7, 5:20
380,380,,0.00,6.75,25.0,Middle School,380.0,05:18:13,3,,4,0,26,11, 5:17,CO,27.0,,12-5128,Middle School,31.75,,2,0,34,3, 5:03,,3,0,33,11, 5:02
381,381,,0.00,6.00,25.0,Middle School,381.0,03:24:01,3,,4,0,26,9, 2:57,CO,28.0,,12-5129,Middle School,31.00,,6,0,30,10, 3:21,,5,0,31,6, 2:39
382,382,,0.00,4.75,26.0,Middle School,382.0,03:49:09,3,,3,0,27,6, 3:34,CAN,6.0,,12-2246,Middle School,30.75,,3,0,33,5, 3:21,,6,0,30,15, 3:47
383,383,,0.00,0.00,30.0,Middle School,383.0,05:12:01,3,,0,0,30,0, 4:58,CO,29.0,,12-3660,Middle School,30.00,,6,0,30,9, 5:12,,6,0,30,21, 5:01
384,384,,0.00,7.75,22.0,Middle School,384.0,05:52:57,3,,3,0,27,8, 5:52,CA,92.0,,12-4668,Middle School,29.75,,0,0,36,0, 4:38,,6,0,30,14, 5:51
385,385,,0.00,5.25,24.0,Middle School,385.0,05:36:18,3,,3,0,27,7, 5:29,CO,30.0,,12-3826,Middle School,29.25,,2,1,34,3, 5:36,,6,0,30,14, 5:28
386,386,,0.00,0.00,29.0,Middle School,386.0,05:09:13,3,,2,0,28,5, 5:05,GA,29.0,Code Red,12-1309,Middle School,29.00,,9,0,27,16, 5:07,,6,0,30,8, 5:02
387,387,,0.00,6.75,22.0,Middle School,387.0,03:49:57,3,,1,0,29,3, 2:31,CA,93.0,,12-4669,Middle School,28.75,,4,0,32,8, 3:01,,3,0,33,11, 3:49
388,388,,0.00,0.00,28.0,Middle School,388.0,04:25:56,3,,4,0,26,11, 4:23,NJ,7.0,,12-3085,Middle School,28.00,,3,0,33,10, 4:05,,5,0,31,7, 3:56
389,389,,0.00,0.00,27.0,Middle School,389.0,02:39:58,3,,5,0,25,12, 2:35,NJ,8.0,,12-5514,Middle School,27.00,,3,0,33,5, 2:38,,6,1,30,10, 2:38
390,390,,0.00,0.00,27.0,Middle School,390.0,05:34:01,3,,2,0,28,5, 5:32,HI,14.0,,12-2027,Middle School,27.00,,5,0,31,13, 5:33,,6,0,30,9, 5:31
391,391,T,-3.00,0.00,30.0,Middle School,391.0,06:00:56,3,,7,0,23,23, 5:41,TN,4.0,,12-3348,Middle School,27.00,,4,0,32,6, 5:34,,4,1,32,1, 5:48
392,392,,0.00,0.00,26.0,Middle School,392.0,04:36:58,2,,,,,,,CO,31.0,,12-1782,Middle School,26.00,,8,0,28,16, 4:19,,7,0,29,10, 4:35
393,393,,0.00,0.00,26.0,Middle School,393.0,04:39:57,3,,4,1,26,7, 4:18,TN,5.0,,12-2780,Middle School,26.00,,3,0,33,4, 4:35,,5,0,31,15, 4:39
394,394,,0.00,14.94,11.0,Middle School,394.0,03:16:00,3,,2,0,28,4, 3:15,CA,94.0,,12-1596,Middle School,25.94,,4,0,32,6, 2:57,,5,1,31,1, 2:50
395,395,,0.00,1.75,24.0,Middle School,395.0,05:52:55,3,,5,1,25,14, 5:23,CO,32.0,,12-4340,Middle School,25.75,,2,0,34,4, 4:06,,5,0,31,6, 5:25
396,396,,0.00,0.00,25.0,Middle School,396.0,02:07:57,3,,4,0,26,10, 2:07,CA,95.0,,12-0806,Middle School,25.00,,0,0,36,0, 2:05,,7,0,29,15, 2:03
397,397,,0.00,0.00,24.0,Middle School,397.0,04:07:58,3,,2,0,28,5, 4:07,OH,10.0,,12-1190,Middle School,24.00,,5,0,31,10, 1:31,,6,0,30,9, 4:07
398,398,,0.00,0.00,24.0,Middle School,398.0,05:57:57,3,,4,1,26,9, 5:23,AL,23.0,,12-1353,Middle School,24.00,,5,0,31,14, 5:52,,4,2,32,1, 5:56
399,399,,0.00,6.25,17.0,Middle School,399.0,05:36:00,3,,2,0,28,4, 5:35,CAN,7.0,,12-0741,Middle School,23.25,,4,0,32,6, 5:36,,6,0,30,7, 5:34
400,400,,0.00,7.89,15.0,Middle School,400.0,04:46:56,3,,2,0,28,4, 1:17,CA,96.0,,12-2580,Middle School,22.89,,3,0,33,5, 4:16,,4,0,32,6, 4:46
401,401,,0.00,6.50,16.0,Middle School,401.0,05:20:56,3,,4,0,26,14, 5:20,SC,9.0,,12-0115,Middle School,22.50,,0,0,36,0, 3:07,,4,2,32,2, 5:12
402,402,,0.00,8.14,13.0,Middle School,402.0,04:40:58,3,,1,0,29,2, 4:16,AL,24.0,,12-0733,Middle School,21.14,,3,0,33,5, 4:14,,5,0,31,6, 4:40
403,403,,0.00,5.00,14.0,Middle School,403.0,04:29:56,3,,3,0,27,6, 3:24,TX,42.0,,12-7265,Middle School,19.00,,2,0,34,2, 3:51,,5,0,31,6, 4:11
404,404,,0.00,0.00,19.0,Middle School,404.0,05:29:00,3,,2,0,28,4, 5:19,CAN,8.0,,12-0742,Middle School,19.00,,3,0,33,4, 5:29,,8,0,28,11, 5:18
405,405,,0.00,0.00,17.0,Middle School,405.0,05:25:56,3,,1,0,29,3, 5:18,TX,43.0,,12-3932,Middle School,17.00,,0,0,36,0, 4:37,,6,0,30,14, 5:25
406,406,,0.00,0.00,16.0,Middle School,406.0,05:54:56,3,,5,0,25,10, 5:54,TX,44.0,,12-5405,Middle School,16.00,,0,0,36,0, 5:53,,5,0,31,6, 5:53
407,407,,0.00,6.50,8.0,Middle School,407.0,05:44:56,2,,3,0,27,7, 5:42,SC,10.0,,12-2190,Middle School,14.50,,,,,,,,1,0,35,1, 5:39
408,408,,0.00,0.00,14.0,Middle School,408.0,04:59:56,3,,2,1,28,0, 4:33,TN,6.0,,12-2510,Middle School,14.00,,3,0,33,5, 3:13,,6,0,30,9, 4:57
409,409,,0.00,0.00,12.0,Middle School,409.0,04:30:57,3,,4,0,26,9, 4:17,HI,15.0,,12-3847,Middle School,12.00,,1,0,35,8, 2:49,,4,2,32,-5, 3:04
410,410,T,-3.00,0.00,15.0,Middle School,410.0,06:00:56,3,,0,0,30,0, 1:28,AL,25.0,,12-5965,Middle School,12.00,,11,1,25,15, 5:49,T,0,0,36,0, 6:00
411,411,,0.00,0.00,9.0,Middle School,411.0,04:07:01,2,,2,0,28,4, 2:06,HI,16.0,,12-0823,Middle School,9.00,,,,,,,,4,0,32,5, 4:07
412,412,,0.00,0.00,8.0,Middle School,412.0,05:40:57,3,,2,0,28,5, 5:38,CA,97.0,,12-4646,Middle School,8.00,,0,0,36,0, 5:39,,3,0,33,3, 5:39
413,413,,0.00,0.00,5.0,Middle School,413.0,03:03:55,3,,1,1,29,-3, 2:35,NJ,9.0,,12-5020,Middle School,5.00,,3,0,33,4, 3:02,,3,0,33,4, 2:05